<?xml version="1.0"?>
<layout width="1920" height="1080" bgcolor="#ffffff" schemaVersion="3" background="62.png"><region id="74" width="1920.0000" height="193.0000" top="887.3847" left="0.0000" zindex="1"><options><loop>0</loop><transitionDirection>N</transitionDirection><transitionDuration/><transitionType/></options><media id="91" type="ticker" render="native" duration="10" useDuration="1"><options><disableDateSort>0</disableDateSort><durationIsPerItem>1</durationIsPerItem><effect>scrollHorz</effect><itemsSideBySide>0</itemsSideBySide><lowerLimit>0</lowerLimit><overrideTemplate>1</overrideTemplate><randomiseItems>0</randomiseItems><reverseOrder>0</reverseOrder><sourceId>1</sourceId><speed>2</speed><takeItemsFrom>start</takeItemsFrom><templateId>prominent-title-with-desc-and-name-separator</templateId><textDirection>ltr</textDirection><updateInterval>60</updateInterval><updateIntervalImages>120</updateIntervalImages><upperLimit>0</upperLimit><uri>https%3A%2F%2Fwww.oth-regensburg.de%2Ffakultaeten%2Finformatik-und-mathematik%2Fschwarzes-brett%2Frss.xml</uri><xmds>1</xmds></options><raw><css><![CDATA[.container {
    text-align: center;
    width: 100%;
    height: 100%;
    padding-top: 10px;
}]]></css><javaScript><![CDATA[$(document).ready(function() {
  var count = $("#content").children().length;

  $('.title').each(function(index, value) {
    $(this).append(" (" + (index + 1) + "/" + count + ")");
  });
});]]></javaScript><noDataMessage><![CDATA[<p><span style="font-size: 48px;"><span style="color: #ffffff;">No Data returned from the source</span></span></p>
]]></noDataMessage><template><![CDATA[<div class="container">
<p style="font-family: Arial, Verdana, sans-serif;"><span style="color:#083a8c;"><span style="font-family:roboto regular;"><span style="font-size:40px;"><span class="title"><strong>[Title]</strong></span></span></span></span></p>

<p style="font-family: Arial, Verdana, sans-serif;"><span style="font-family:roboto regular;"><span style="font-size:30px;"><span style="color: #000000;">[Description]</span></span></span></p>
</div>
]]></template></raw></media></region><region id="75" width="1242.4615" height="701.5385" top="180.0000" left="0.0000"><options><loop>0</loop><transitionDirection>N</transitionDirection><transitionDuration/><transitionType/></options><media id="92" type="pdf" render="html" duration="100" useDuration="1" fileId="74"><options><uri>74.pdf</uri></options><raw/></media></region><region id="76" width="672.0000" height="701.5384" top="180.0000" left="1250.0001"><options><loop>0</loop><transitionDirection>N</transitionDirection><transitionDuration/><transitionType/></options><media id="93" type="webpage" render="native" duration="1" useDuration="0"><options><modeid>1</modeid><transparency>0</transparency><uri>http%3A%2F%2F194.95.108.132%2Fuserscripts%2Fcippools.html</uri><xmds>1</xmds></options><raw/></media></region><region id="77" width="363.6923" height="168.0000" top="0.0000" left="1556.3077"><options/><media id="95" type="clock" render="html" duration="1" useDuration="0"><options><clockFace>TwentyFourHourClock</clockFace><clockTypeId>2</clockTypeId><offset>0</offset><showSeconds>1</showSeconds><theme>1</theme></options><raw><format><![CDATA[<p style="text-align: center;"><span style="font-family:roboto regular;"><span style="font-size:72px;">[HH:mm]</span></span></p>

<p style="text-align: center;"><span style="font-family:roboto regular;"><span style="font-size:48px;"><span class="w3-text-blue w3-xxlarge">[DD.MM.YYYY]</span></span></span></p>
]]></format></raw></media></region><tags><tag>imported</tag></tags></layout>
