[{"file":"anzeige.pdf","mediaid":74,"name":"links.pdf","type":"pdf","duration":100,"background":0,"font":0},{"file":"oth_bg_left.png","mediaid":62,"name":"oth_bg_left.png","type":"image","duration":10,"background":1,"font":0},{"file":"Roboto-Regular.ttf","mediaid":34,"name":"Roboto Regular","type":"font","duration":10,"background":0,"font":1},{"file":"Roboto-Regular.ttf","mediaid":34,"name":"Roboto Regular","type":"font","duration":10,"background":0,"font":1},{"file":"Roboto-Regular.ttf","mediaid":34,"name":"Roboto Regular","type":"font","duration":10,"background":0,"font":1},{"file":"Roboto-Regular.ttf","mediaid":34,"name":"Roboto Regular","type":"font","duration":10,"background":0,"font":1}]