[
    {
        "dataSetId": 1,
        "dataSet": "Mensa",
        "description": null,
        "userId": 1,
        "lastDataEdit": 0,
        "owner": "xibo_admin",
        "groupsWithPermissions": null,
        "code": null,
        "isLookup": 0,
        "isRemote": 1,
        "method": "GET",
        "uri": "http:\/\/194.95.108.132\/userscripts\/canteen.php",
        "postData": "time=noon",
        "authentication": "none",
        "username": null,
        "password": null,
        "refreshRate": 0,
        "clearRate": 1,
        "runsAfter": 0,
        "lastSync": 1561620660,
        "lastClear": 0,
        "dataRoot": "data",
        "summarize": "none",
        "summarizeField": null,
        "columns": [
            {
                "dataSetColumnId": 1,
                "dataSetId": 1,
                "heading": "Datum",
                "dataTypeId": 1,
                "dataSetColumnTypeId": 3,
                "listContent": null,
                "columnOrder": "1",
                "formula": null,
                "dataType": "String",
                "remoteField": "0",
                "showFilter": 0,
                "showSort": 0,
                "dataSetColumnType": "Remote"
            },
            {
                "dataSetColumnId": 2,
                "dataSetId": 1,
                "heading": "Wochentag",
                "dataTypeId": 1,
                "dataSetColumnTypeId": 3,
                "listContent": null,
                "columnOrder": "2",
                "formula": null,
                "dataType": "String",
                "remoteField": "1",
                "showFilter": 0,
                "showSort": 0,
                "dataSetColumnType": "Remote"
            },
            {
                "dataSetColumnId": 3,
                "dataSetId": 1,
                "heading": "Warengruppe",
                "dataTypeId": 1,
                "dataSetColumnTypeId": 3,
                "listContent": null,
                "columnOrder": "3",
                "formula": null,
                "dataType": "String",
                "remoteField": "2",
                "showFilter": 0,
                "showSort": 0,
                "dataSetColumnType": "Remote"
            },
            {
                "dataSetColumnId": 4,
                "dataSetId": 1,
                "heading": "Name",
                "dataTypeId": 1,
                "dataSetColumnTypeId": 3,
                "listContent": null,
                "columnOrder": "4",
                "formula": null,
                "dataType": "String",
                "remoteField": "3",
                "showFilter": 0,
                "showSort": 0,
                "dataSetColumnType": "Remote"
            },
            {
                "dataSetColumnId": 5,
                "dataSetId": 1,
                "heading": "Kennzeichnung",
                "dataTypeId": 1,
                "dataSetColumnTypeId": 3,
                "listContent": null,
                "columnOrder": "5",
                "formula": null,
                "dataType": "String",
                "remoteField": "4",
                "showFilter": 0,
                "showSort": 0,
                "dataSetColumnType": "Remote"
            },
            {
                "dataSetColumnId": 6,
                "dataSetId": 1,
                "heading": "Preis",
                "dataTypeId": 1,
                "dataSetColumnTypeId": 3,
                "listContent": null,
                "columnOrder": "6",
                "formula": null,
                "dataType": "String",
                "remoteField": "5",
                "showFilter": 0,
                "showSort": 0,
                "dataSetColumnType": "Remote"
            },
            {
                "dataSetColumnId": 7,
                "dataSetId": 1,
                "heading": "Studenten",
                "dataTypeId": 1,
                "dataSetColumnTypeId": 3,
                "listContent": null,
                "columnOrder": "7",
                "formula": null,
                "dataType": "String",
                "remoteField": "6",
                "showFilter": 0,
                "showSort": 0,
                "dataSetColumnType": "Remote"
            },
            {
                "dataSetColumnId": 8,
                "dataSetId": 1,
                "heading": "Bedienstete",
                "dataTypeId": 1,
                "dataSetColumnTypeId": 3,
                "listContent": null,
                "columnOrder": "8",
                "formula": null,
                "dataType": "String",
                "remoteField": "7",
                "showFilter": 0,
                "showSort": 0,
                "dataSetColumnType": "Remote"
            },
            {
                "dataSetColumnId": 9,
                "dataSetId": 1,
                "heading": "Gaeste",
                "dataTypeId": 1,
                "dataSetColumnTypeId": 3,
                "listContent": null,
                "columnOrder": "9",
                "formula": null,
                "dataType": "String",
                "remoteField": "8",
                "showFilter": 0,
                "showSort": 0,
                "dataSetColumnType": "Remote"
            }
        ],
        "data": [
            {
                "id": "1",
                "Datum": "27.06.2019",
                "Wochentag": "Do",
                "Warengruppe": "Suppe",
                "Name": "Gem\u00fcsebr\u00fche mit Kr\u00e4uternockerl (3,AA,C,I)",
                "Kennzeichnung": "V",
                "Preis": "0,70 \/ 0,90 \/ 1,40",
                "Studenten": "0,70",
                "Bedienstete": "0,90",
                "Gaeste": "1,40"
            },
            {
                "id": "2",
                "Datum": "27.06.2019",
                "Wochentag": "Do",
                "Warengruppe": "Hauptgericht",
                "Name": "----hei\u00dfe Theke---- Gebratenes Gem\u00fcse mit Bio-Basmatireis (3,E,F,I)",
                "Kennzeichnung": "VG",
                "Preis": "2,00 \/ 2,80 \/ 3,60",
                "Studenten": "2,00",
                "Bedienstete": "2,80",
                "Gaeste": "3,60"
            },
            {
                "id": "3",
                "Datum": "27.06.2019",
                "Wochentag": "Do",
                "Warengruppe": "Hauptgericht",
                "Name": "K\u00e4sesp\u00e4tzle mit R\u00f6stzwiebeln (AA,C,G)",
                "Kennzeichnung": "V",
                "Preis": "2,80 \/ 3,40 \/ 4,40",
                "Studenten": "2,80",
                "Bedienstete": "3,40",
                "Gaeste": "4,40"
            },
            {
                "id": "4",
                "Datum": "27.06.2019",
                "Wochentag": "Do",
                "Warengruppe": "Hauptgericht",
                "Name": "Chili con Carne mit Baguette (3,AA,I)",
                "Kennzeichnung": "R",
                "Preis": "3,10 \/ 3,90 \/ 4,60",
                "Studenten": "3,10",
                "Bedienstete": "3,90",
                "Gaeste": "4,60"
            },
            {
                "id": "5",
                "Datum": "27.06.2019",
                "Wochentag": "Do",
                "Warengruppe": "Hauptgericht",
                "Name": "Zwiebelschmorbraten an Rotwein-Balsamicosauce und B\u00f6hmischen Kn\u00f6del (1,3,8,16,AA,C,I)",
                "Kennzeichnung": "R,A",
                "Preis": "4,50 \/ 5,50 \/ 6,00",
                "Studenten": "4,50",
                "Bedienstete": "5,50",
                "Gaeste": "6,00"
            },
            {
                "id": "6",
                "Datum": "27.06.2019",
                "Wochentag": "Do",
                "Warengruppe": "Beilage",
                "Name": "Kartoffelp\u00fcree (3,G)",
                "Kennzeichnung": "V",
                "Preis": "0,70 \/ 0,90 \/ 1,40",
                "Studenten": "0,70",
                "Bedienstete": "0,90",
                "Gaeste": "1,40"
            },
            {
                "id": "7",
                "Datum": "27.06.2019",
                "Wochentag": "Do",
                "Warengruppe": "Beilage",
                "Name": "Leipziger Allerlei Gem\u00fcse (3,I)",
                "Kennzeichnung": "VG",
                "Preis": "0,80 \/ 1,00 \/ 1,50",
                "Studenten": "0,80",
                "Bedienstete": "1,00",
                "Gaeste": "1,50"
            },
            {
                "id": "8",
                "Datum": "27.06.2019",
                "Wochentag": "Do",
                "Warengruppe": "Beilage",
                "Name": "Salatmix",
                "Kennzeichnung": "V",
                "Preis": "0,90 \/ 1,10 \/ 1,60",
                "Studenten": "0,90",
                "Bedienstete": "1,10",
                "Gaeste": "1,60"
            },
            {
                "id": "9",
                "Datum": "27.06.2019",
                "Wochentag": "Do",
                "Warengruppe": "Beilage",
                "Name": "B\u00f6hmische Kn\u00f6del (8,AA,C)",
                "Kennzeichnung": "V",
                "Preis": "1,00 \/ 1,10 \/ 1,60",
                "Studenten": "1,00",
                "Bedienstete": "1,10",
                "Gaeste": "1,60"
            },
            {
                "id": "10",
                "Datum": "27.06.2019",
                "Wochentag": "Do",
                "Warengruppe": "Beilage",
                "Name": "Salat Buffet (1,3,6,9,16,C,G,J,L)",
                "Kennzeichnung": "V",
                "Preis": "3,00 \/ 3,50 \/ 4,20",
                "Studenten": "3,00",
                "Bedienstete": "3,50",
                "Gaeste": "4,20"
            },
            {
                "id": "11",
                "Datum": "27.06.2019",
                "Wochentag": "Do",
                "Warengruppe": "Nachspeise",
                "Name": "Apfelquark (3,G)",
                "Kennzeichnung": "V",
                "Preis": "0,80 \/ 1,00 \/ 1,50",
                "Studenten": "0,80",
                "Bedienstete": "1,00",
                "Gaeste": "1,50"
            },
            {
                "id": "12",
                "Datum": "27.06.2019",
                "Wochentag": "Do",
                "Warengruppe": "Nachspeise",
                "Name": "Moccapudding (G)",
                "Kennzeichnung": "V",
                "Preis": "0,80 \/ 1,00 \/ 1,50",
                "Studenten": "0,80",
                "Bedienstete": "1,00",
                "Gaeste": "1,50"
            },
            {
                "id": "13",
                "Datum": "27.06.2019",
                "Wochentag": "Do",
                "Warengruppe": "Nachspeise",
                "Name": "Erdnuss-Aprikosen Creme (C,E,G)",
                "Kennzeichnung": "V",
                "Preis": "1,10 \/ 1,40 \/ 1,60",
                "Studenten": "1,10",
                "Bedienstete": "1,40",
                "Gaeste": "1,60"
            }
        ]
    }
]