[{"file":"rechts.pdf","mediaid":66,"name":"rechts.pdf","type":"pdf","duration":140,"background":0,"font":0},{"file":"VB_tagesschau_App_neu.jpg","mediaid":65,"name":"VB_tagesschau_App_neu.jpg","type":"image","duration":10,"background":0,"font":0},{"file":"oth_bg_right_2.png","mediaid":68,"name":"oth_bg_right_2.png","type":"image","duration":10,"background":1,"font":0},{"file":"Roboto-Regular.ttf","mediaid":34,"name":"Roboto Regular","type":"font","duration":10,"background":0,"font":1},{"file":"Roboto-Regular.ttf","mediaid":34,"name":"Roboto Regular","type":"font","duration":10,"background":0,"font":1},{"file":"Roboto-Regular.ttf","mediaid":34,"name":"Roboto Regular","type":"font","duration":10,"background":0,"font":1}]