[
    {
        "dataSetId": 4,
        "dataSet": "Mesa Abend",
        "description": null,
        "userId": 1,
        "lastDataEdit": 0,
        "owner": "xibo_admin",
        "groupsWithPermissions": null,
        "code": null,
        "isLookup": 0,
        "isRemote": 1,
        "method": "GET",
        "uri": "http:\/\/194.95.108.132\/userscripts\/canteen.php",
        "postData": "time=evening",
        "authentication": "none",
        "username": null,
        "password": null,
        "refreshRate": 0,
        "clearRate": 1,
        "runsAfter": 0,
        "lastSync": 1561563060,
        "lastClear": 0,
        "dataRoot": "data",
        "summarize": "none",
        "summarizeField": null,
        "columns": [
            {
                "dataSetColumnId": 16,
                "dataSetId": 4,
                "heading": "Datum",
                "dataTypeId": 1,
                "dataSetColumnTypeId": 3,
                "listContent": null,
                "columnOrder": "1",
                "formula": null,
                "dataType": "String",
                "remoteField": "0",
                "showFilter": 0,
                "showSort": 0,
                "dataSetColumnType": "Remote"
            },
            {
                "dataSetColumnId": 17,
                "dataSetId": 4,
                "heading": "Wochentag",
                "dataTypeId": 1,
                "dataSetColumnTypeId": 3,
                "listContent": null,
                "columnOrder": "2",
                "formula": null,
                "dataType": "String",
                "remoteField": "1",
                "showFilter": 0,
                "showSort": 0,
                "dataSetColumnType": "Remote"
            },
            {
                "dataSetColumnId": 18,
                "dataSetId": 4,
                "heading": "Warengruppe",
                "dataTypeId": 1,
                "dataSetColumnTypeId": 3,
                "listContent": null,
                "columnOrder": "3",
                "formula": null,
                "dataType": "String",
                "remoteField": "2",
                "showFilter": 0,
                "showSort": 0,
                "dataSetColumnType": "Remote"
            },
            {
                "dataSetColumnId": 19,
                "dataSetId": 4,
                "heading": "Name",
                "dataTypeId": 1,
                "dataSetColumnTypeId": 3,
                "listContent": null,
                "columnOrder": "4",
                "formula": null,
                "dataType": "String",
                "remoteField": "3",
                "showFilter": 0,
                "showSort": 0,
                "dataSetColumnType": "Remote"
            },
            {
                "dataSetColumnId": 20,
                "dataSetId": 4,
                "heading": "Kennzeichnung",
                "dataTypeId": 1,
                "dataSetColumnTypeId": 3,
                "listContent": null,
                "columnOrder": "5",
                "formula": null,
                "dataType": "String",
                "remoteField": "4",
                "showFilter": 0,
                "showSort": 0,
                "dataSetColumnType": "Remote"
            },
            {
                "dataSetColumnId": 21,
                "dataSetId": 4,
                "heading": "Preis",
                "dataTypeId": 1,
                "dataSetColumnTypeId": 3,
                "listContent": null,
                "columnOrder": "6",
                "formula": null,
                "dataType": "String",
                "remoteField": "5",
                "showFilter": 0,
                "showSort": 0,
                "dataSetColumnType": "Remote"
            },
            {
                "dataSetColumnId": 22,
                "dataSetId": 4,
                "heading": "Studenten",
                "dataTypeId": 1,
                "dataSetColumnTypeId": 3,
                "listContent": null,
                "columnOrder": "7",
                "formula": null,
                "dataType": "String",
                "remoteField": "6",
                "showFilter": 0,
                "showSort": 0,
                "dataSetColumnType": "Remote"
            },
            {
                "dataSetColumnId": 23,
                "dataSetId": 4,
                "heading": "Bedienstete",
                "dataTypeId": 1,
                "dataSetColumnTypeId": 3,
                "listContent": null,
                "columnOrder": "8",
                "formula": null,
                "dataType": "String",
                "remoteField": "7",
                "showFilter": 0,
                "showSort": 0,
                "dataSetColumnType": "Remote"
            },
            {
                "dataSetColumnId": 24,
                "dataSetId": 4,
                "heading": "Gaeste",
                "dataTypeId": 1,
                "dataSetColumnTypeId": 3,
                "listContent": null,
                "columnOrder": "9",
                "formula": null,
                "dataType": "String",
                "remoteField": "8",
                "showFilter": 0,
                "showSort": 0,
                "dataSetColumnType": "Remote"
            }
        ],
        "data": [
            {
                "id": "1",
                "Datum": "26.06.2019",
                "Wochentag": "Mi",
                "Warengruppe": "Hauptgericht",
                "Name": "Salatplatte mit Hirtenk\u00e4se und Oliven (3,6,G,J)",
                "Kennzeichnung": "V",
                "Preis": "3,10 \/ 0,00 \/ 0,00",
                "Studenten": "3,10",
                "Bedienstete": "0,00",
                "Gaeste": "0,00"
            }
        ]
    }
]