<?xml version="1.0"?>
<layout width="1920" height="1080" bgcolor="#ffffff" schemaVersion="3" background="68.png"><region id="96" width="670.1538" height="376.6154" top="249.6000" left="0.0000"><options><loop>0</loop><transitionDirection>N</transitionDirection><transitionDuration/><transitionType/></options><media id="121" type="datasetview" render="native" duration="1" useDuration="0"><options><columns>19,21</columns><dataSetId>4</dataSetId><filterClauses>[{"filterClause":"Warengruppe","filterClauseOperator":"AND","filterClauseCriteria":"contains","filterClauseValue":"Suppe"},{"filterClause":"Warengruppe","filterClauseOperator":"OR","filterClauseCriteria":"contains","filterClauseValue":"Hauptgericht"}]</filterClauses><lowerLimit>0</lowerLimit><orderClauses>[]</orderClauses><overrideTemplate>1</overrideTemplate><showHeadings>1</showHeadings><templateId>empty</templateId><updateInterval>5</updateInterval><upperLimit>0</upperLimit><useFilteringClause>0</useFilteringClause><useOrderingClause>0</useOrderingClause></options><raw><noDataMessage><![CDATA[<p>Der Mensaplan ist aktuell leider nicht verf&uuml;gbar.</p>
]]></noDataMessage><styleSheet><![CDATA[.DataSetTable {
  border-spacing: 1;
  border-collapse: collapse;
  background: white;
  border-radius: 15px;
  overflow: hidden;
  width: 90%;
  margin: 10px auto;
  position: relative;
  font-size: 100%;
  border: 0;
  text-align: center;
}

tr.HeaderRow {
  height: 60px;
  color: white;
  background: #36304a;
  border: 0;
  text-align: center;
}

th.DataSetColumnHeaderCell {
  text-align: center;
  border: 0;
  padding:3px;
}

tr.DataSetRow {
  text-align: center;
  border: 0;
  height: 40px;
}

td.DataSetColumn {
  border: 0;
  padding: 3px;
}


tr.DataSetRowEven {
  background-color: #cfcfcf;
}]]></styleSheet></raw></media></region><region id="97" width="489.2308" height="169.8462" top="0.0000" left="1432.4308" zindex="10"><options><loop>0</loop><transitionDirection>N</transitionDirection><transitionDuration/><transitionType/></options><media id="116" type="forecastio" render="html" duration="1" useDuration="0"><options><dayConditionsOnly>1</dayConditionsOnly><lang>de</lang><overrideTemplate>1</overrideTemplate><templateId>weather-module0-5day</templateId><units>auto</units><updateInterval>60</updateInterval><useDisplayLocation>1</useDisplayLocation><widgetOriginalHeight>340</widgetOriginalHeight><widgetOriginalWidth>960</widgetOriginalWidth></options><raw><currentTemplate><![CDATA[<div class="container">
    <div class="main-panel">
        <div class="row footer">
            <div class="col-xs-4  details-box text-center shadowed">
                <div class="big-icon"><i class="wi [wicon]"></i></div>
                <div class="big-day">[time|D]</div>
                <div class="big-temp">[temperatureRound]º[temperatureUnit]</div>
            </div>
            [dailyForecast|4|1]
        </div>
    </div>
</div>]]></currentTemplate><dailyTemplate><![CDATA[<div class="col-xs-2  upcoming-days shadowed">
    <div class="small-icon"><i class="wi [wicon]"></i></div>
    <div class="small-temp">[temperatureMaxRound] º [temperatureUnit]</div>
    <div class="small-day">[time|D]</div>
</div>]]></dailyTemplate><styleSheet><![CDATA[body {
    font-family: roboto regular;
    line-height: 1;
}

.shadowed {
    text-shadow: 0px 0px 2px rgba(255, 255, 255, 0.5);
    filter: dropshadow(color=rgba(255, 255, 255, 0.5), offx=2, offy=2);
}

.container {
    background-repeat: no-repeat;
    background-size: cover;
    background-position: center;
    width: 960px !important;
    height: 340px !important;
}

.main-panel {
    margin-top: 5px;
    height: 200px;
}

.current-temp {
    font-family: roboto regular;
    font-weight: bold;
    font-size: 150px;
    color: #fff;
}

.footer {
    height: 290px;
    color: #fff;
    padding: 30px 30px;
    position: relative;
    margin-bottom: 20px;
}

.main-icon {
    font-size: 70px;
    color: #fff;
}

.big-day {
    font-size: 40px;
    font-style: italic;
    font-weight: lighter;
    color: #272625;
}

.big-icon {
    font-size: 90px;
    padding-bottom: 30px;
    color: #272625;
}

.big-temp {
    padding: 10px 0px;
    font-size: 60px;
    color: #272625;
}

.small-day {
    font-size: 40px;
    font-style: italic;
    font-weight: lighter;
    color: #272625;
}

.small-icon {
    font-size: 60px;
    padding: 30px 0px 10px 0px;
    color: #272625;
}

.small-temp {
    padding: 10px 0px;
    font-size: 30px;
    color: #272625;
}

.powered {
    text-align: center;
    color: #272625;
}

.details-box {
    height: 220px;
    padding-left: 30px;
    color: #272625;
}

.upcoming-days {
    height: 195px;
    margin-top: 20px !important;
    text-align: center;
}

.selector-day {
    font-size: 15px;
    font-weight: light;
    margin-top: 25px;
}

.selector-temp {
    font-size: 25px;
    font-weight: bold;
    font-style: italic;
}]]></styleSheet></raw></media></region><region id="98" width="670.1538" height="101.5385" top="181.8462" left="0.0000" zindex="10"><options><loop>0</loop><transitionDirection>N</transitionDirection><transitionDuration/><transitionType/></options><media id="117" type="text" render="native" duration="1" useDuration="0"><options><effect>none</effect><xmds>1</xmds></options><raw><text><![CDATA[<div class="vertical-center" style="  margin: 0;
  position: absolute;
  top: 50%;
  left: 50%;
  -ms-transform: translate(-50%, -50%);
  transform: translate(-50%, -50%);">
<p style="text-align: center;"><span style="font-size:38px; color:#083a8c;"><span style="font-family:roboto regular;">Mensaplan Abend</span></span></p>
</div>
]]></text></raw></media></region><region id="99" width="1242.4615" height="701.5385" top="180.0000" left="679.0154"><options><loop>0</loop><transitionDirection>N</transitionDirection><transitionDuration/><transitionType/></options><media id="118" type="pdf" render="html" duration="140" useDuration="1" fileId="66"><options><uri>66.pdf</uri></options><raw/></media></region><region id="100" width="1727.0000" height="193.8462" top="887.0154" left="193.0000"><options><loop>0</loop><transitionDirection>N</transitionDirection><transitionDuration/><transitionType/></options><media id="119" type="ticker" render="native" duration="15" useDuration="1"><options><disableDateSort>0</disableDateSort><durationIsPerItem>1</durationIsPerItem><effect>scrollHorz</effect><itemsSideBySide>0</itemsSideBySide><lowerLimit>0</lowerLimit><overrideTemplate>1</overrideTemplate><randomiseItems>0</randomiseItems><reverseOrder>0</reverseOrder><sourceId>1</sourceId><speed>2</speed><takeItemsFrom>start</takeItemsFrom><templateId>title-only</templateId><textDirection>ltr</textDirection><updateInterval>120</updateInterval><upperLimit>0</upperLimit><uri>http%3A%2F%2Fwww.tagesschau.de%2Ftemplates%2Fpages%2Fexport%2Frss2_weighted_storiesonly.xml</uri><xmds>1</xmds></options><raw><css><![CDATA[.container {
    text-align: center;
    width: 100%;
    height: 100%;
    padding-top: 5px;
}]]></css><noDataMessage><![CDATA[<p><span style="font-size: 48px;"><span style="color: #000000;">No Data returned from the source</span></span></p>
]]></noDataMessage><template><![CDATA[<div class="container">
<p><span style="color:#083a8c;"><span style="font-family:roboto regular;"><span style="font-size:40px;"><span class="title"><strong>[Title]</strong></span></span></span></span></p>

<p><span style="font-family:roboto regular;"><span style="font-size:30px;"><span style="color: #000000;">[Description]</span></span></span></p>
</div>
]]></template></raw></media></region><region id="101" width="193.8462" height="193.8462" top="887.0000" left="0.0000"><options><loop>0</loop><transitionDirection>N</transitionDirection><transitionDuration/><transitionType/></options><media id="120" type="image" render="native" duration="1" useDuration="0" fileId="65"><options><uri>65.jpg</uri><scaleType>center</scaleType></options><raw/></media></region><tags><tag>imported</tag></tags></layout>
